id,subject,type,name,rarity,mp,damage,shield,utility_value,front_text,flavor
"수학_공격_001","수학","공격","방정식의 일격","일반","2","5","","","MP 2 소모, 대상에게 데미지 5.","좌변과 우변을 같게 만드는 등식. 미지수를 구하기 위한 가장 기본적인 도구다."
"수학_공격_002","수학","공격","함수 사출","희귀","3","10","","","MP 3 소모, 대상에게 데미지 10.","한 값을 다른 값에 대응시키는 규칙. 입력 하나에 출력은 반드시 하나다."
"수학_공격_003","수학","공격","미분 베기","일반","2","7","","","MP 2 소모, 대상에게 데미지 7.","순간의 변화율을 구하는 연산. 그래프 위 한 점에서의 기울기를 알려준다."
"수학_공격_004","수학","공격","적분 파동","전설","5","17","","","MP 5 소모, 대상에게 데미지 17.","작은 조각들을 무한히 더해 넓이나 총량을 구하는 연산. 미분의 역과정이다."
"수학_공격_005","수학","공격","확률 주사위","희귀","4","13","","","MP 4 소모, 대상에게 데미지 13.","어떤 사건이 일어날 가능성을 0과 1 사이의 수로 나타낸 것."
"수학_공격_006","수학","공격","통계 일격","일반","1","5","","","MP 1 소모, 대상에게 데미지 5.","자료를 수집·정리·분석해 경향을 파악하는 방법."
"수학_공격_007","수학","공격","삼각비 사격","희귀","4","9","","","MP 4 소모, 대상에게 데미지 9.","직각삼각형에서 각과 변의 비율 관계(sin, cos, tan)."
"수학_공격_008","수학","공격","벡터 관통","일반","1","7","","","MP 1 소모, 대상에게 데미지 7.","크기와 방향을 함께 가지는 양. 화살표로 표현된다."
"수학_공격_009","수학","공격","행렬 압축","일반","2","8","","","MP 2 소모, 대상에게 데미지 8.","수를 직사각형 모양으로 배열한 것. 여러 데이터를 한 번에 다룰 수 있다."
"수학_공격_010","수학","공격","수열의 연쇄","일반","1","4","","","MP 1 소모, 대상에게 데미지 4.","일정한 규칙에 따라 나열된 수의 열."
"수학_공격_011","수학","공격","좌표평면 낙하","일반","2","5","","","MP 2 소모, 대상에게 데미지 5.","가로축과 세로축으로 위치를 정확히 표시하는 평면."
"수학_공격_012","수학","공격","로그 폭발","희귀","3","8","","","MP 3 소모, 대상에게 데미지 8.","지수의 역연산. 아주 큰 수를 다루기 쉽게 압축한다."
"수학_공격_013","수학","공격","지수 상승","일반","2","7","","","MP 2 소모, 대상에게 데미지 7.","같은 수를 여러 번 곱한 것을 나타내는 표현."
"수학_공격_014","수학","공격","인수분해 절단","전설","5","19","","","MP 5 소모, 대상에게 데미지 19.","다항식을 여러 개의 곱으로 쪼개는 과정."
"수학_공격_015","수학","공격","이차방정식 강타","희귀","4","11","","","MP 4 소모, 대상에게 데미지 11.","차수가 2인 방정식. 근의 공식으로 항상 풀 수 있다."
"수학_공격_016","수학","공격","피타고라스 창","일반","1","5","","","MP 1 소모, 대상에게 데미지 5.","직각삼각형에서 빗변의 제곱은 다른 두 변의 제곱의 합과 같다."
"수학_공격_017","수학","공격","원의 방정식","희귀","4","13","","","MP 4 소모, 대상에게 데미지 13.","평면 위 한 점에서 일정한 거리(반지름)에 있는 점들의 집합."
"수학_공격_018","수학","공격","극한 저격","일반","1","7","","","MP 1 소모, 대상에게 데미지 7.","어떤 값에 한없이 가까워질 때의 상태를 다루는 개념."
"수학_공격_019","수학","공격","경우의 수 폭격","일반","2","8","","","MP 2 소모, 대상에게 데미지 8.","어떤 사건이 일어날 수 있는 모든 가짓수."
"수학_공격_020","수학","공격","부등식 압박","일반","1","4","","","MP 1 소모, 대상에게 데미지 4.","두 값의 크기 관계를 부등호로 나타낸 식."
"수학_방어_021","수학","방어","항등원 방패","일반","2","","4","","MP 2 소모, 받는 데미지 4만큼 감소(1회).","연산을 해도 원래 값을 바꾸지 않는 수(덧셈의 0, 곱셈의 1)."
"수학_방어_022","수학","방어","절댓값 보호막","희귀","3","","8","","MP 3 소모, 받는 데미지 8만큼 감소(1회).","수직선 위에서 원점으로부터의 거리. 항상 0 이상이다."
"수학_방어_023","수학","방어","정의역 결계","일반","2","","6","","MP 2 소모, 받는 데미지 6만큼 감소(1회).","함수에 넣을 수 있는 입력값들의 집합."
"수학_방어_024","수학","방어","공집합 회피","전설","5","","10","","MP 5 소모, 받는 데미지 10만큼 감소(1회).","원소가 하나도 없는 집합. 모든 집합의 부분집합이다."
"수학_방어_025","수학","방어","여집합 반사","희귀","4","","6","","MP 4 소모, 받는 데미지 6만큼 감소(1회).","전체집합에서 어떤 집합을 뺀 나머지 부분."
"수학_방어_026","수학","방어","대칭 방벽","일반","1","","5","","MP 1 소모, 받는 데미지 5만큼 감소(1회).","어떤 축이나 점을 기준으로 모양이 같아지는 성질."
"수학_방어_027","수학","방어","역함수 반전","희귀","4","","8","","MP 4 소모, 받는 데미지 8만큼 감소(1회).","입력과 출력을 서로 뒤바꾼 함수."
"수학_방어_028","수학","방어","검산 보정","일반","1","","3","","MP 1 소모, 받는 데미지 3만큼 감소(1회).","계산 결과가 맞는지 다시 확인하는 절차."
"수학_방어_029","수학","방어","근의 공식 방어","일반","2","","4","","MP 2 소모, 받는 데미지 4만큼 감소(1회).","이차방정식의 해를 구하는 일반 공식."
"수학_방어_030","수학","방어","공배수 결합","일반","1","","5","","MP 1 소모, 받는 데미지 5만큼 감소(1회).","두 수 이상의 공통된 배수."
"수학_유틸_031","수학","유틸","치환 위장","일반","2","","","2","MP 2 소모, 진영 특성에 맞는 특수 효과(보정치 2) 1회 적용.","식의 일부를 다른 문자로 바꿔 계산을 간단히 하는 방법."
"수학_유틸_032","수학","유틸","대입 전환","희귀","3","","","3","MP 3 소모, 진영 특성에 맞는 특수 효과(보정치 3) 1회 적용.","문자에 특정한 값을 넣는 것."
"수학_유틸_033","수학","유틸","소인수분해 분해","일반","2","","","2","MP 2 소모, 진영 특성에 맞는 특수 효과(보정치 2) 1회 적용.","어떤 수를 소수들의 곱으로 나타내는 것."
"수학_유틸_034","수학","유틸","최대공약수 탐색","전설","5","","","5","MP 5 소모, 진영 특성에 맞는 특수 효과(보정치 5) 1회 적용.","두 수 이상의 공통된 약수 중 가장 큰 수."
"수학_유틸_035","수학","유틸","최소공배수 연결","희귀","4","","","4","MP 4 소모, 진영 특성에 맞는 특수 효과(보정치 4) 1회 적용.","두 수 이상의 공통된 배수 중 가장 작은 수."
"수학_유틸_036","수학","유틸","순열 정렬","일반","1","","","1","MP 1 소모, 진영 특성에 맞는 특수 효과(보정치 1) 1회 적용.","서로 다른 것들을 순서를 고려해 나열하는 경우의 수."
"수학_유틸_037","수학","유틸","조합 선택","희귀","4","","","4","MP 4 소모, 진영 특성에 맞는 특수 효과(보정치 4) 1회 적용.","순서를 고려하지 않고 몇 개를 골라내는 경우의 수."
"수학_유틸_038","수학","유틸","그래프 개형 스캔","일반","1","","","1","MP 1 소모, 진영 특성에 맞는 특수 효과(보정치 1) 1회 적용.","함수의 대략적인 모양을 파악하는 것."
"수학_유틸_039","수학","유틸","좌표 변환","일반","2","","","2","MP 2 소모, 진영 특성에 맞는 특수 효과(보정치 2) 1회 적용.","한 좌표계의 점을 다른 좌표계로 옮겨 나타내는 것."
"수학_유틸_040","수학","유틸","근사값 추정","일반","1","","","1","MP 1 소모, 진영 특성에 맞는 특수 효과(보정치 1) 1회 적용.","정확한 값 대신 오차 범위 안의 값을 구하는 것."
"영어_공격_041","영어","공격","현재완료 스트라이크","일반","2","5","","","MP 2 소모, 대상에게 데미지 5.","have/has + 과거분사. 과거의 일이 현재까지 영향을 미침을 나타낸다."
"영어_공격_042","영어","공격","과거완료 브레이크","희귀","3","8","","","MP 3 소모, 대상에게 데미지 8.","had + 과거분사. 과거의 한 시점보다 더 이전에 일어난 일을 나타낸다."
"영어_공격_043","영어","공격","수동태 반격","일반","2","7","","","MP 2 소모, 대상에게 데미지 7.","주어가 동작을 받는 문장 구조(be + 과거분사)."
"영어_공격_044","영어","공격","가정법과거 일격","전설","5","17","","","MP 5 소모, 대상에게 데미지 17.","현재 사실과 반대되는 상황을 가정하는 문법(If + 과거형)."
"영어_공격_045","영어","공격","가정법과거완료","희귀","4","11","","","MP 4 소모, 대상에게 데미지 11.","과거 사실과 반대되는 상황을 가정하는 문법(If + had p.p.)."
"영어_공격_046","영어","공격","관계대명사 연쇄","일반","1","5","","","MP 1 소모, 대상에게 데미지 5.","who, which, that처럼 두 문장을 연결하며 명사를 수식하는 대명사."
"영어_공격_047","영어","공격","분사구문 습격","희귀","4","13","","","MP 4 소모, 대상에게 데미지 13.","접속사와 주어를 생략해 문장을 간결하게 만드는 구문."
"영어_공격_048","영어","공격","동명사 포격","일반","1","7","","","MP 1 소모, 대상에게 데미지 7.","동사에 -ing를 붙여 명사처럼 쓰는 형태."
"영어_공격_049","영어","공격","부정사 관통","일반","2","8","","","MP 2 소모, 대상에게 데미지 8.","to + 동사원형. 명사·형용사·부사 역할을 모두 할 수 있다."
"영어_공격_050","영어","공격","비교급 강타","일반","1","4","","","MP 1 소모, 대상에게 데미지 4.","두 대상을 비교할 때 쓰는 형태(-er, more)."
"영어_공격_051","영어","공격","최상급 일격","일반","2","5","","","MP 2 소모, 대상에게 데미지 5.","셋 이상 중 가장 두드러짐을 나타내는 형태(-est, most)."
"영어_공격_052","영어","공격","도치구문 기습","희귀","3","12","","","MP 3 소모, 대상에게 데미지 12.","강조를 위해 어순을 바꾸는 구문."
"영어_공격_053","영어","공격","강조구문 폭발","일반","2","7","","","MP 2 소모, 대상에게 데미지 7.","It is ~ that 구문처럼 특정 요소를 강조하는 구조."
"영어_공격_054","영어","공격","접속사 연격","전설","5","19","","","MP 5 소모, 대상에게 데미지 19.","단어·구·절을 이어주는 품사."
"영어_공격_055","영어","공격","전치사구 사격","희귀","4","9","","","MP 4 소모, 대상에게 데미지 9.","전치사 + 명사로 이루어진 수식어구."
"영어_공격_056","영어","공격","조동사 압박","일반","1","5","","","MP 1 소모, 대상에게 데미지 5.","동사를 도와 의미를 더하는 품사(can, must, should)."
"영어_공격_057","영어","공격","사역동사 강제","희귀","4","11","","","MP 4 소모, 대상에게 데미지 11.","다른 대상에게 어떤 행동을 시키는 동사(make, have, let)."
"영어_공격_058","영어","공격","지각동사 감지","일반","1","7","","","MP 1 소모, 대상에게 데미지 7.","보고 듣고 느끼는 것을 나타내는 동사(see, hear, feel)."
"영어_공격_059","영어","공격","간접화법 전환","일반","2","8","","","MP 2 소모, 대상에게 데미지 8.","남의 말을 자신의 문장 구조로 바꿔 전달하는 방식."
"영어_공격_060","영어","공격","시제일치 낙인","일반","1","4","","","MP 1 소모, 대상에게 데미지 4.","주절과 종속절의 시제를 맞추는 문법 규칙."
"영어_방어_061","영어","방어","관사 방패","일반","2","","4","","MP 2 소모, 받는 데미지 4만큼 감소(1회).","명사 앞에 붙어 특정/불특정을 나타내는 a, an, the."
"영어_방어_062","영어","방어","수일치 보호막","희귀","3","","8","","MP 3 소모, 받는 데미지 8만큼 감소(1회).","주어의 단수·복수에 맞춰 동사 형태를 맞추는 규칙."
"영어_방어_063","영어","방어","인칭대명사 결계","일반","2","","6","","MP 2 소모, 받는 데미지 6만큼 감소(1회).","사람이나 사물을 대신 가리키는 대명사(I, you, he...)."
"영어_방어_064","영어","방어","재귀대명사 반사","전설","5","","14","","MP 5 소모, 받는 데미지 14만큼 감소(1회).","주어와 목적어가 같을 때 쓰는 대명사(myself, yourself...)."
"영어_방어_065","영어","방어","접속법 방어","희귀","4","","6","","MP 4 소모, 받는 데미지 6만큼 감소(1회).","사실이 아닌 것을 표현하는 동사 형태."
"영어_방어_066","영어","방어","병렬구조 정렬","일반","1","","5","","MP 1 소모, 받는 데미지 5만큼 감소(1회).","같은 문법 형태를 나란히 배치하는 구조."
"영어_방어_067","영어","방어","문장부호 결속","희귀","4","","8","","MP 4 소모, 받는 데미지 8만큼 감소(1회).","쉼표, 마침표 등 문장의 의미를 명확히 하는 기호."
"영어_방어_068","영어","방어","철자규칙 방벽","일반","1","","3","","MP 1 소모, 받는 데미지 3만큼 감소(1회).","단어를 올바르게 표기하는 규칙."
"영어_방어_069","영어","방어","발음기호 차단","일반","2","","4","","MP 2 소모, 받는 데미지 4만큼 감소(1회).","단어의 소리를 기호로 나타낸 것(IPA)."
"영어_방어_070","영어","방어","억양 반사","일반","1","","5","","MP 1 소모, 받는 데미지 5만큼 감소(1회).","말할 때의 음의 높낮이 변화."
"영어_유틸_071","영어","유틸","어원 분석","일반","2","","","2","MP 2 소모, 진영 특성에 맞는 특수 효과(보정치 2) 1회 적용.","단어가 어디서 유래했는지 추적하는 것."
"영어_유틸_072","영어","유틸","접두사 부착","희귀","3","","","3","MP 3 소모, 진영 특성에 맞는 특수 효과(보정치 3) 1회 적용.","단어 앞에 붙어 의미를 바꾸는 요소(un-, re-, pre-)."
"영어_유틸_073","영어","유틸","접미사 부착","일반","2","","","2","MP 2 소모, 진영 특성에 맞는 특수 효과(보정치 2) 1회 적용.","단어 뒤에 붙어 품사나 의미를 바꾸는 요소(-tion, -able)."
"영어_유틸_074","영어","유틸","동의어 치환","전설","5","","","5","MP 5 소모, 진영 특성에 맞는 특수 효과(보정치 5) 1회 적용.","뜻이 비슷한 다른 단어로 바꾸는 것."
"영어_유틸_075","영어","유틸","반의어 역전","희귀","4","","","4","MP 4 소모, 진영 특성에 맞는 특수 효과(보정치 4) 1회 적용.","뜻이 반대되는 단어."
"영어_유틸_076","영어","유틸","관용구 활용","일반","1","","","1","MP 1 소모, 진영 특성에 맞는 특수 효과(보정치 1) 1회 적용.","단어 그대로의 뜻과 다른 의미로 굳어진 표현."
"영어_유틸_077","영어","유틸","연어(콜로케이션) 결합","희귀","4","","","4","MP 4 소모, 진영 특성에 맞는 특수 효과(보정치 4) 1회 적용.","자연스럽게 함께 쓰이는 단어의 조합."
"영어_유틸_078","영어","유틸","문맥 추론","일반","1","","","1","MP 1 소모, 진영 특성에 맞는 특수 효과(보정치 1) 1회 적용.","앞뒤 내용을 보고 단어나 문장의 의미를 유추하는 것."
"영어_유틸_079","영어","유틸","요약 압축","일반","2","","","2","MP 2 소모, 진영 특성에 맞는 특수 효과(보정치 2) 1회 적용.","글의 핵심만 간추려 정리하는 것."
"영어_유틸_080","영어","유틸","스키밍 탐색","일반","1","","","1","MP 1 소모, 진영 특성에 맞는 특수 효과(보정치 1) 1회 적용.","글 전체를 빠르게 훑어 대의를 파악하는 읽기 방법."
"국어_공격_081","국어","공격","은유법 일격","일반","2","5","","","MP 2 소모, 대상에게 데미지 5.","'A는 B다'처럼 원관념을 보조관념에 빗대어 표현하는 수사법."
"국어_공격_082","국어","공격","직유법 사격","희귀","3","12","","","MP 3 소모, 대상에게 데미지 12.","'~처럼', '~같이'를 써서 직접 비유하는 수사법."
"국어_공격_083","국어","공격","의인법 강타","일반","2","7","","","MP 2 소모, 대상에게 데미지 7.","사람이 아닌 것을 사람처럼 표현하는 수사법."
"국어_공격_084","국어","공격","반어법 반격","전설","5","17","","","MP 5 소모, 대상에게 데미지 17.","속마음과 반대로 표현해 효과를 높이는 수사법."
"국어_공격_085","국어","공격","역설법 폭발","희귀","4","9","","","MP 4 소모, 대상에게 데미지 9.","모순되어 보이지만 그 안에 진실을 담은 표현."
"국어_공격_086","국어","공격","풍자 저격","일반","1","5","","","MP 1 소모, 대상에게 데미지 5.","현실의 부정적인 면을 빗대어 비판하는 표현 방식."
"국어_공격_087","국어","공격","대구법 연격","희귀","4","11","","","MP 4 소모, 대상에게 데미지 11.","비슷한 구조의 어구를 나란히 배치하는 수사법."
"국어_공격_088","국어","공격","점층법 상승","일반","1","7","","","MP 1 소모, 대상에게 데미지 7.","뜻을 점점 강하고 크게 확대하는 수사법."
"국어_공격_089","국어","공격","도치법 기습","일반","2","8","","","MP 2 소모, 대상에게 데미지 8.","문장의 정상적인 어순을 바꿔 강조하는 수사법."
"국어_공격_090","국어","공격","설의법 일격","일반","1","4","","","MP 1 소모, 대상에게 데미지 4.","답이 뻔한 것을 질문 형식으로 표현해 강조하는 수사법."
"국어_공격_091","국어","공격","활유법 침투","일반","2","5","","","MP 2 소모, 대상에게 데미지 5.","무생물을 생물처럼 표현하는 수사법."
"국어_공격_092","국어","공격","중의법 함정","희귀","3","10","","","MP 3 소모, 대상에게 데미지 10.","한 표현이 두 가지 이상의 뜻으로 해석되는 수사법."
"국어_공격_093","국어","공격","과장법 강타","일반","2","7","","","MP 2 소모, 대상에게 데미지 7.","실제보다 크거나 작게 표현하는 수사법."
"국어_공격_094","국어","공격","열거법 연타","전설","5","19","","","MP 5 소모, 대상에게 데미지 19.","여러 대상을 나란히 늘어놓는 수사법."
"국어_공격_095","국어","공격","대유법 관통","희귀","4","13","","","MP 4 소모, 대상에게 데미지 13.","일부로 전체를, 또는 특징으로 대상을 나타내는 수사법."
"국어_공격_096","국어","공격","문답법 유도","일반","1","5","","","MP 1 소모, 대상에게 데미지 5.","스스로 묻고 답하는 형식으로 서술하는 방법."
"국어_공격_097","국어","공격","영탄법 폭발","희귀","4","9","","","MP 4 소모, 대상에게 데미지 9.","감탄사나 감탄형 어미로 감정을 강하게 드러내는 수사법."
"국어_공격_098","국어","공격","돈호법 호출","일반","1","7","","","MP 1 소모, 대상에게 데미지 7.","사물이나 사람을 불러 주의를 환기하는 수사법."
"국어_공격_099","국어","공격","상징 저격","일반","2","8","","","MP 2 소모, 대상에게 데미지 8.","구체적인 사물로 추상적인 의미를 나타내는 표현."
"국어_공격_100","국어","공격","우의 일격","일반","1","4","","","MP 1 소모, 대상에게 데미지 4.","동식물이나 사물에 빗대어 인간사를 풍자하는 이야기 방식."
"국어_방어_101","국어","방어","맞춤법 방패","일반","2","","4","","MP 2 소모, 받는 데미지 4만큼 감소(1회).","한글을 소리대로 적되 어법에 맞게 표기하는 규정."
"국어_방어_102","국어","방어","띄어쓰기 결계","희귀","3","","8","","MP 3 소모, 받는 데미지 8만큼 감소(1회).","단어와 단어 사이를 띄어 쓰는 규칙."
"국어_방어_103","국어","방어","표준어 방벽","일반","2","","6","","MP 2 소모, 받는 데미지 6만큼 감소(1회).","한 나라에서 공용어로 정한 규범적인 말."
"국어_방어_104","국어","방어","두음법칙 반사","전설","5","","12","","MP 5 소모, 받는 데미지 12만큼 감소(1회).","단어 첫머리에서 소리가 변하는 규칙(여자, 노인 등)."
"국어_방어_105","국어","방어","사이시옷 차단","희귀","4","","6","","MP 4 소모, 받는 데미지 6만큼 감소(1회).","합성어에서 발음을 매끄럽게 하기 위해 넣는 시옷."
"국어_방어_106","국어","방어","조사활용 방어","일반","1","","5","","MP 1 소모, 받는 데미지 5만큼 감소(1회).","체언 뒤에 붙는 조사('이/가', '을/를')의 올바른 쓰임."
"국어_방어_107","국어","방어","어미활용 결속","희귀","4","","8","","MP 4 소모, 받는 데미지 8만큼 감소(1회).","용언의 어간에 붙어 문법적 의미를 더하는 부분."
"국어_방어_108","국어","방어","존댓말 보호막","일반","1","","3","","MP 1 소모, 받는 데미지 3만큼 감소(1회).","상대를 높이기 위해 사용하는 말."
"국어_방어_109","국어","방어","높임법 결계","일반","2","","4","","MP 2 소모, 받는 데미지 4만큼 감소(1회).","대상에 따라 말을 높이거나 낮추는 문법 체계."
"국어_방어_110","국어","방어","호응관계 정렬","일반","1","","5","","MP 1 소모, 받는 데미지 5만큼 감소(1회).","문장 성분끼리 서로 자연스럽게 맞아떨어지는 관계."
"국어_유틸_111","국어","유틸","형태소 분석","일반","2","","","2","MP 2 소모, 진영 특성에 맞는 특수 효과(보정치 2) 1회 적용.","뜻을 가진 가장 작은 말의 단위로 나누는 것."
"국어_유틸_112","국어","유틸","품사 구분","희귀","3","","","3","MP 3 소모, 진영 특성에 맞는 특수 효과(보정치 3) 1회 적용.","단어를 성질에 따라 분류하는 것(명사, 동사...)."
"국어_유틸_113","국어","유틸","문장성분 파악","일반","2","","","2","MP 2 소모, 진영 특성에 맞는 특수 효과(보정치 2) 1회 적용.","문장을 이루는 주어, 서술어, 목적어 등을 분석하는 것."
"국어_유틸_114","국어","유틸","주제 파악","전설","5","","","5","MP 5 소모, 진영 특성에 맞는 특수 효과(보정치 5) 1회 적용.","글이 전하려는 중심 생각을 찾아내는 것."
"국어_유틸_115","국어","유틸","문단 요약","희귀","4","","","4","MP 4 소모, 진영 특성에 맞는 특수 효과(보정치 4) 1회 적용.","문단의 핵심 내용을 간추리는 것."
"국어_유틸_116","국어","유틸","화자시점 전환","일반","1","","","1","MP 1 소모, 진영 특성에 맞는 특수 효과(보정치 1) 1회 적용.","이야기를 전달하는 시점을 바꾸는 것(1인칭/3인칭)."
"국어_유틸_117","국어","유틸","서술방식 분석","희귀","4","","","4","MP 4 소모, 진영 특성에 맞는 특수 효과(보정치 4) 1회 적용.","글쓴이가 내용을 전달하는 방법을 파악하는 것."
"국어_유틸_118","국어","유틸","갈래 구분","일반","1","","","1","MP 1 소모, 진영 특성에 맞는 특수 효과(보정치 1) 1회 적용.","문학 작품을 시, 소설, 수필, 희곡 등으로 나누는 것."
"국어_유틸_119","국어","유틸","시대배경 탐색","일반","2","","","2","MP 2 소모, 진영 특성에 맞는 특수 효과(보정치 2) 1회 적용.","작품이 쓰인 시대적 상황을 파악하는 것."
"국어_유틸_120","국어","유틸","작가의도 추론","일반","1","","","1","MP 1 소모, 진영 특성에 맞는 특수 효과(보정치 1) 1회 적용.","작가가 작품을 통해 전달하려는 의도를 유추하는 것."
"통합사회_공격_121","통합사회","공격","수요공급 강타","일반","2","5","","","MP 2 소모, 대상에게 데미지 5.","가격에 따라 사고 싶은 양(수요)과 팔고 싶은 양(공급)이 달라지는 원리."
"통합사회_공격_122","통합사회","공격","시장실패 폭격","희귀","3","10","","","MP 3 소모, 대상에게 데미지 10.","시장이 자원을 효율적으로 배분하지 못하는 상황."
"통합사회_공격_123","통합사회","공격","인플레이션 압박","일반","2","7","","","MP 2 소모, 대상에게 데미지 7.","물가가 지속적으로 오르는 현상."
"통합사회_공격_124","통합사회","공격","헌법소원 일격","전설","5","17","","","MP 5 소모, 대상에게 데미지 17.","기본권을 침해당한 국민이 헌법재판소에 구제를 요청하는 제도."
"통합사회_공격_125","통합사회","공격","삼권분립 연격","희귀","4","13","","","MP 4 소모, 대상에게 데미지 13.","입법·행정·사법 권력을 나누어 서로 견제하게 하는 원리."
"통합사회_공격_126","통합사회","공격","국제법 저격","일반","1","5","","","MP 1 소모, 대상에게 데미지 5.","국가 간의 관계를 규율하는 법."
"통합사회_공격_127","통합사회","공격","무역장벽 차단","희귀","4","9","","","MP 4 소모, 대상에게 데미지 9.","자국 산업 보호를 위해 수입을 제한하는 조치."
"통합사회_공격_128","통합사회","공격","여론 재판","일반","1","7","","","MP 1 소모, 대상에게 데미지 7.","다수 시민의 의견이 정책에 영향을 미치는 현상."
"통합사회_공격_129","통합사회","공격","다수결원칙 강타","일반","2","8","","","MP 2 소모, 대상에게 데미지 8.","많은 사람이 찬성하는 의견을 채택하는 의사결정 방식."
"통합사회_공격_130","통합사회","공격","지방자치 연타","일반","1","4","","","MP 1 소모, 대상에게 데미지 4.","지역 주민 스스로 지역 일을 결정하고 처리하는 제도."
"통합사회_공격_131","통합사회","공격","세계화 파동","일반","2","5","","","MP 2 소모, 대상에게 데미지 5.","국가 간 교류가 늘어 세계가 하나의 생활권으로 통합되는 현상."
"통합사회_공격_132","통합사회","공격","문화상대주의 관점","희귀","3","8","","","MP 3 소모, 대상에게 데미지 8.","각 문화를 그 사회의 맥락에서 이해해야 한다는 태도."
"통합사회_공격_133","통합사회","공격","사회계약론 일격","일반","2","7","","","MP 2 소모, 대상에게 데미지 7.","국가는 개인 간의 합의(계약)로 성립했다는 사상."
"통합사회_공격_134","통합사회","공격","시민불복종 저항","전설","5","19","","","MP 5 소모, 대상에게 데미지 19.","부당한 법에 대해 공개적·비폭력적으로 저항하는 행위."
"통합사회_공격_135","통합사회","공격","공정거래 규제","희귀","4","11","","","MP 4 소모, 대상에게 데미지 11.","기업 간 불공정한 거래를 막기 위한 제도."
"통합사회_공격_136","통합사회","공격","노동3권 발동","일반","1","5","","","MP 1 소모, 대상에게 데미지 5.","단결권·단체교섭권·단체행동권 등 노동자의 기본 권리."
"통합사회_공격_137","통합사회","공격","복지국가 지원","희귀","4","13","","","MP 4 소모, 대상에게 데미지 13.","국민의 최소한의 삶을 국가가 보장하려는 이념."
"통합사회_공격_138","통합사회","공격","재정정책 조정","일반","1","7","","","MP 1 소모, 대상에게 데미지 7.","정부가 세금과 지출로 경제를 조절하는 정책."
"통합사회_공격_139","통합사회","공격","통화정책 조율","일반","2","8","","","MP 2 소모, 대상에게 데미지 8.","중앙은행이 통화량과 금리로 경제를 조절하는 정책."
"통합사회_공격_140","통합사회","공격","환율변동 파동","일반","1","4","","","MP 1 소모, 대상에게 데미지 4.","한 나라 화폐와 다른 나라 화폐의 교환 비율 변화."
"통합사회_방어_141","통합사회","방어","기본권 방패","일반","2","","4","","MP 2 소모, 받는 데미지 4만큼 감소(1회).","헌법이 보장하는 국민의 기본적인 권리."
"통합사회_방어_142","통합사회","방어","적법절차 결계","희귀","3","","8","","MP 3 소모, 받는 데미지 8만큼 감소(1회).","국가 권력 행사는 반드시 정당한 절차를 따라야 한다는 원칙."
"통합사회_방어_143","통합사회","방어","평등권 보호막","일반","2","","6","","MP 2 소모, 받는 데미지 6만큼 감소(1회).","누구나 차별받지 않고 동등하게 대우받을 권리."
"통합사회_방어_144","통합사회","방어","인간존엄성 방벽","전설","5","","10","","MP 5 소모, 받는 데미지 10만큼 감소(1회).","모든 인간은 그 자체로 존중받아야 한다는 헌법적 가치."
"통합사회_방어_145","통합사회","방어","사회보장제도 방어","희귀","4","","6","","MP 4 소모, 받는 데미지 6만큼 감소(1회).","국민의 최소 생활을 보장하기 위한 제도."
"통합사회_방어_146","통합사회","방어","소비자보호 결계","일반","1","","5","","MP 1 소모, 받는 데미지 5만큼 감소(1회).","소비자의 권익을 지키기 위한 제도적 장치."
"통합사회_방어_147","통합사회","방어","국민주권 반사","희귀","4","","8","","MP 4 소모, 받는 데미지 8만큼 감소(1회).","국가의 최종 권력이 국민에게 있다는 원리."
"통합사회_방어_148","통합사회","방어","법치주의 방벽","일반","1","","3","","MP 1 소모, 받는 데미지 3만큼 감소(1회).","국가 권력이 법에 근거해 행사되어야 한다는 원리."
"통합사회_방어_149","통합사회","방어","권력분립 결속","일반","2","","4","","MP 2 소모, 받는 데미지 4만큼 감소(1회).","권력을 나누어 서로 견제·균형을 이루게 하는 원리."
"통합사회_방어_150","통합사회","방어","표현의자유 보호","일반","1","","5","","MP 1 소모, 받는 데미지 5만큼 감소(1회).","자신의 생각을 자유롭게 밝힐 수 있는 권리."
"통합사회_유틸_151","통합사회","유틸","지도 해석","일반","2","","","2","MP 2 소모, 진영 특성에 맞는 특수 효과(보정치 2) 1회 적용.","지도에 담긴 정보를 읽고 분석하는 것."
"통합사회_유틸_152","통합사회","유틸","통계자료 분석","희귀","3","","","3","MP 3 소모, 진영 특성에 맞는 특수 효과(보정치 3) 1회 적용.","수치 자료를 통해 사회 현상을 파악하는 것."
"통합사회_유틸_153","통합사회","유틸","여론조사 활용","일반","2","","","2","MP 2 소모, 진영 특성에 맞는 특수 효과(보정치 2) 1회 적용.","많은 사람의 의견을 수집해 경향을 파악하는 방법."
"통합사회_유틸_154","통합사회","유틸","위도경도 측정","전설","5","","","5","MP 5 소모, 진영 특성에 맞는 특수 효과(보정치 5) 1회 적용.","지구상의 위치를 나타내는 가로선과 세로선."
"통합사회_유틸_155","통합사회","유틸","기후그래프 판독","희귀","4","","","4","MP 4 소모, 진영 특성에 맞는 특수 효과(보정치 4) 1회 적용.","기온과 강수량을 함께 나타낸 그래프를 읽는 것."
"통합사회_유틸_156","통합사회","유틸","인구피라미드 분석","일반","1","","","1","MP 1 소모, 진영 특성에 맞는 특수 효과(보정치 1) 1회 적용.","연령별·성별 인구 구성을 나타낸 그래프."
"통합사회_유틸_157","통합사회","유틸","산업구조 분석","희귀","4","","","4","MP 4 소모, 진영 특성에 맞는 특수 효과(보정치 4) 1회 적용.","한 나라의 산업이 1·2·3차로 어떻게 구성되는지 파악하는 것."
"통합사회_유틸_158","통합사회","유틸","자원분포 탐색","일반","1","","","1","MP 1 소모, 진영 특성에 맞는 특수 효과(보정치 1) 1회 적용.","자원이 지역별로 어떻게 분포하는지 파악하는 것."
"통합사회_유틸_159","통합사회","유틸","시사이슈 파악","일반","2","","","2","MP 2 소모, 진영 특성에 맞는 특수 효과(보정치 2) 1회 적용.","현재 사회에서 논의되는 쟁점을 이해하는 것."
"통합사회_유틸_160","통합사회","유틸","정책비교 분석","일반","1","","","1","MP 1 소모, 진영 특성에 맞는 특수 효과(보정치 1) 1회 적용.","여러 정책의 장단점을 비교해 평가하는 것."
"통합과학_공격_161","통합과학","공격","관성의법칙 충돌","일반","2","5","","","MP 2 소모, 대상에게 데미지 5.","외력이 없으면 물체는 운동 상태를 유지한다는 뉴턴 제1법칙."
"통합과학_공격_162","통합과학","공격","작용반작용 반격","희귀","3","8","","","MP 3 소모, 대상에게 데미지 8.","힘을 가하면 크기가 같고 방향이 반대인 힘이 되돌아온다는 법칙."
"통합과학_공격_163","통합과학","공격","만유인력 견인","일반","2","7","","","MP 2 소모, 대상에게 데미지 7.","질량을 가진 모든 물체는 서로 끌어당긴다는 법칙."
"통합과학_공격_164","통합과학","공격","자유낙하 강타","전설","5","17","","","MP 5 소모, 대상에게 데미지 17.","중력만 받아 아래로 떨어지는 운동."
"통합과학_공격_165","통합과학","공격","운동량보존 충격","희귀","4","11","","","MP 4 소모, 대상에게 데미지 11.","외부 힘이 없으면 전체 운동량의 합이 변하지 않는다는 법칙."
"통합과학_공격_166","통합과학","공격","에너지보존 폭발","일반","1","5","","","MP 1 소모, 대상에게 데미지 5.","에너지는 형태만 바뀔 뿐 총량은 변하지 않는다는 법칙."
"통합과학_공격_167","통합과학","공격","화학반응 폭격","희귀","4","13","","","MP 4 소모, 대상에게 데미지 13.","물질이 다른 물질로 변하는 과정과 그 식."
"통합과학_공격_168","통합과학","공격","산화환원 반응","일반","1","7","","","MP 1 소모, 대상에게 데미지 7.","전자를 잃고(산화) 얻는(환원) 반응."
"통합과학_공격_169","통합과학","공격","산염기반응 중화","일반","2","8","","","MP 2 소모, 대상에게 데미지 8.","산과 염기가 만나 서로의 성질을 없애는 반응."
"통합과학_공격_170","통합과학","공격","전자기유도 방전","일반","1","4","","","MP 1 소모, 대상에게 데미지 4.","자기장의 변화가 전류를 만들어내는 현상."
"통합과학_공격_171","통합과학","공격","파동간섭 충격파","일반","2","5","","","MP 2 소모, 대상에게 데미지 5.","두 파동이 겹쳐 세기가 커지거나 작아지는 현상."
"통합과학_공격_172","통합과학","공격","굴절법칙 저격","희귀","3","12","","","MP 3 소모, 대상에게 데미지 12.","빛이 매질을 지날 때 경로가 꺾이는 현상."
"통합과학_공격_173","통합과학","공격","방사성붕괴 폭발","일반","2","7","","","MP 2 소모, 대상에게 데미지 7.","불안정한 원자핵이 방사선을 내며 안정한 상태로 변하는 현상."
"통합과학_공격_174","통합과학","공격","유전법칙 발현","전설","5","19","","","MP 5 소모, 대상에게 데미지 19.","부모의 형질이 자손에게 전달되는 규칙(멘델의 법칙)."
"통합과학_공격_175","통합과학","공격","자연선택 도태","희귀","4","9","","","MP 4 소모, 대상에게 데미지 9.","환경에 적합한 개체가 살아남아 번식한다는 원리."
"통합과학_공격_176","통합과학","공격","광합성 폭발","일반","1","5","","","MP 1 소모, 대상에게 데미지 5.","식물이 빛에너지로 포도당을 만드는 과정."
"통합과학_공격_177","통합과학","공격","세포호흡 연소","희귀","4","11","","","MP 4 소모, 대상에게 데미지 11.","세포가 영양소를 분해해 에너지를 얻는 과정."
"통합과학_공격_178","통합과학","공격","삼투압 압박","일반","1","7","","","MP 1 소모, 대상에게 데미지 7.","농도가 다른 두 용액 사이에서 물이 이동하는 현상의 압력."
"통합과학_공격_179","통합과학","공격","전류법칙 방전","일반","2","8","","","MP 2 소모, 대상에게 데미지 8.","전압, 전류, 저항 사이의 관계(옴의 법칙)."
"통합과학_공격_180","통합과학","공격","마찰력 제동","일반","1","4","","","MP 1 소모, 대상에게 데미지 4.","접촉면 사이에서 운동을 방해하는 힘."
"통합과학_방어_181","통합과학","방어","원소주기율 방패","일반","2","","4","","MP 2 소모, 받는 데미지 4만큼 감소(1회).","원자번호 순서로 배열하면 성질이 주기적으로 반복되는 규칙."
"통합과학_방어_182","통합과학","방어","화학결합 결계","희귀","3","","8","","MP 3 소모, 받는 데미지 8만큼 감소(1회).","원자들이 서로 연결되어 분자를 이루는 방식."
"통합과학_방어_183","통합과학","방어","세포막 보호막","일반","2","","6","","MP 2 소모, 받는 데미지 6만큼 감소(1회).","세포 내부와 외부를 구분하고 물질 출입을 조절하는 막."
"통합과학_방어_184","통합과학","방어","항상성 방벽","전설","5","","14","","MP 5 소모, 받는 데미지 14만큼 감소(1회).","생명체가 내부 환경을 일정하게 유지하려는 성질."
"통합과학_방어_185","통합과학","방어","면역반응 방어","희귀","4","","6","","MP 4 소모, 받는 데미지 6만큼 감소(1회).","몸속에 들어온 병원체에 맞서 싸우는 신체 반응."
"통합과학_방어_186","통합과학","방어","완충작용 결속","일반","1","","5","","MP 1 소모, 받는 데미지 5만큼 감소(1회).","pH 변화를 최소화하는 화학적 작용."
"통합과학_방어_187","통합과학","방어","밀도 방벽","희귀","4","","8","","MP 4 소모, 받는 데미지 8만큼 감소(1회).","단위 부피당 질량. 물질마다 고유한 값을 가진다."
"통합과학_방어_188","통합과학","방어","표면장력 결계","일반","1","","3","","MP 1 소모, 받는 데미지 3만큼 감소(1회).","액체 표면이 스스로 수축하려는 힘."
"통합과학_방어_189","통합과학","방어","열평형 반사","일반","2","","4","","MP 2 소모, 받는 데미지 4만큼 감소(1회).","온도가 다른 두 물체가 접촉하면 결국 같은 온도가 되는 현상."
"통합과학_방어_190","통합과학","방어","관성모멘트 저항","일반","1","","5","","MP 1 소모, 받는 데미지 5만큼 감소(1회).","회전 운동에서 물체가 회전 상태를 유지하려는 성질."
"통합과학_유틸_191","통합과학","유틸","현미경 관찰","일반","2","","","2","MP 2 소모, 진영 특성에 맞는 특수 효과(보정치 2) 1회 적용.","작은 대상을 확대해서 관찰하는 도구와 방법."
"통합과학_유틸_192","통합과학","유틸","실험설계 구성","희귀","3","","","3","MP 3 소모, 진영 특성에 맞는 특수 효과(보정치 3) 1회 적용.","가설을 검증하기 위한 실험 절차를 짜는 것."
"통합과학_유틸_193","통합과학","유틸","변인통제 조율","일반","2","","","2","MP 2 소모, 진영 특성에 맞는 특수 효과(보정치 2) 1회 적용.","실험에서 조작 변인 외 나머지를 동일하게 유지하는 것."
"통합과학_유틸_194","통합과학","유틸","그래프 해석","전설","5","","","5","MP 5 소모, 진영 특성에 맞는 특수 효과(보정치 5) 1회 적용.","실험 결과를 그래프로 나타내고 분석하는 것."
"통합과학_유틸_195","통합과학","유틸","단위환산 계산","희귀","4","","","4","MP 4 소모, 진영 특성에 맞는 특수 효과(보정치 4) 1회 적용.","서로 다른 단위를 같은 기준으로 바꾸는 것."
"통합과학_유틸_196","통합과학","유틸","화학식 작성","일반","1","","","1","MP 1 소모, 진영 특성에 맞는 특수 효과(보정치 1) 1회 적용.","물질의 조성을 원소기호로 나타내는 것."
"통합과학_유틸_197","통합과학","유틸","원소기호 표기","희귀","4","","","4","MP 4 소모, 진영 특성에 맞는 특수 효과(보정치 4) 1회 적용.","각 원소를 알파벳 기호로 나타내는 것."
"통합과학_유틸_198","통합과학","유틸","주기율표 판독","일반","1","","","1","MP 1 소모, 진영 특성에 맞는 특수 효과(보정치 1) 1회 적용.","원소들을 원자번호와 성질에 따라 배열한 표를 읽는 것."
"통합과학_유틸_199","통합과학","유틸","생태계 분석","일반","2","","","2","MP 2 소모, 진영 특성에 맞는 특수 효과(보정치 2) 1회 적용.","생물과 환경이 상호작용하는 체계를 파악하는 것."
"통합과학_유틸_200","통합과학","유틸","지층 해석","일반","1","","","1","MP 1 소모, 진영 특성에 맞는 특수 효과(보정치 1) 1회 적용.","암석층의 순서와 특징으로 과거 환경을 추론하는 것."
"한국사_공격_201","한국사","공격","훈민정음 창제","일반","2","5","","","MP 2 소모, 대상에게 데미지 5.","1443년 세종이 백성을 위해 만든 우리 고유의 문자 체계."
"한국사_공격_202","한국사","공격","거북선 전술","희귀","3","12","","","MP 3 소모, 대상에게 데미지 12.","이순신 장군이 활용한 철갑 전선의 포위·돌격 전술."
"한국사_공격_203","한국사","공격","임진왜란 의병","일반","2","7","","","MP 2 소모, 대상에게 데미지 7.","왜군의 침입에 맞서 자발적으로 일어난 백성들의 군대."
"한국사_공격_204","한국사","공격","동학농민운동 봉기","전설","5","17","","","MP 5 소모, 대상에게 데미지 17.","1894년 부패한 관리와 외세에 맞선 농민들의 대규모 봉기."
"한국사_공격_205","한국사","공격","갑오개혁 단행","희귀","4","9","","","MP 4 소모, 대상에게 데미지 9.","1894년 신분제 폐지 등 근대적 개혁을 추진한 사건."
"한국사_공격_206","한국사","공격","3.1운동 함성","일반","1","5","","","MP 1 소모, 대상에게 데미지 5.","1919년 전국적으로 일어난 비폭력 독립 만세 운동."
"한국사_공격_207","한국사","공격","광주학생운동 궐기","희귀","4","11","","","MP 4 소모, 대상에게 데미지 11.","1929년 학생들이 중심이 된 항일 민족운동."
"한국사_공격_208","한국사","공격","독립군 무장투쟁","일반","1","7","","","MP 1 소모, 대상에게 데미지 7.","만주·연해주 등지에서 무력으로 독립을 쟁취하려 한 투쟁."
"한국사_공격_209","한국사","공격","4.19혁명 함성","일반","2","8","","","MP 2 소모, 대상에게 데미지 8.","1960년 부정선거에 항거해 일어난 민주주의 혁명."
"한국사_공격_210","한국사","공격","5.18민주화운동 항쟁","일반","1","4","","","MP 1 소모, 대상에게 데미지 4.","1980년 광주에서 일어난 민주화를 위한 시민 항쟁."
"한국사_공격_211","한국사","공격","병자호란 항쟁","일반","2","5","","","MP 2 소모, 대상에게 데미지 5.","1636년 청의 침입에 맞선 조선의 저항."
"한국사_공격_212","한국사","공격","살수대첩 승전","희귀","3","10","","","MP 3 소모, 대상에게 데미지 10.","고구려 을지문덕이 수나라 대군을 물리친 전투."
"한국사_공격_213","한국사","공격","귀주대첩 승전","일반","2","7","","","MP 2 소모, 대상에게 데미지 7.","고려 강감찬이 거란군을 크게 물리친 전투."
"한국사_공격_214","한국사","공격","한산도대첩 승전","전설","5","19","","","MP 5 소모, 대상에게 데미지 19.","이순신이 학익진으로 왜 수군을 대파한 전투."
"한국사_공격_215","한국사","공격","을미의병 봉기","희귀","4","13","","","MP 4 소모, 대상에게 데미지 13.","명성황후 시해와 단발령에 반발해 일어난 의병 운동."
"한국사_공격_216","한국사","공격","신미양요 항쟁","일반","1","5","","","MP 1 소모, 대상에게 데미지 5.","1871년 미국 함대의 침입에 맞선 조선의 항전."
"한국사_공격_217","한국사","공격","강화도조약 체결","희귀","4","9","","","MP 4 소모, 대상에게 데미지 9.","1876년 조선이 일본과 맺은 최초의 근대적 조약(불평등 조약)."
"한국사_공격_218","한국사","공격","갑신정변 단행","일반","1","7","","","MP 1 소모, 대상에게 데미지 7.","1884년 급진 개화파가 일으킨 근대화 정변."
"한국사_공격_219","한국사","공격","위정척사 저항","일반","2","8","","","MP 2 소모, 대상에게 데미지 8.","전통 질서를 지키고 외세를 배척하자는 사상."
"한국사_공격_220","한국사","공격","동북공정 대응","일반","1","4","","","MP 1 소모, 대상에게 데미지 4.","중국의 역사 왜곡 시도에 맞선 역사적 대응."
"한국사_방어_221","한국사","방어","성곽 축조 방패","일반","2","","4","","MP 2 소모, 받는 데미지 4만큼 감소(1회).","외적의 침입을 막기 위해 흙과 돌로 쌓은 방어시설."
"한국사_방어_222","한국사","방어","봉수제도 경계","희귀","3","","8","","MP 3 소모, 받는 데미지 8만큼 감소(1회).","불과 연기로 위급한 소식을 빠르게 전하던 통신 제도."
"한국사_방어_223","한국사","방어","실학사상 방벽","일반","2","","6","","MP 2 소모, 받는 데미지 6만큼 감소(1회).","조선 후기 현실 문제 해결을 중시한 새로운 학풍."
"한국사_방어_224","한국사","방어","대동법 시행","전설","5","","12","","MP 5 소모, 받는 데미지 12만큼 감소(1회).","공납을 쌀·베·돈으로 통일해 걷던 조선의 조세 제도."
"한국사_방어_225","한국사","방어","균역법 시행","희귀","4","","6","","MP 4 소모, 받는 데미지 6만큼 감소(1회).","군포 부담을 절반으로 줄여준 조선의 세금 제도."
"한국사_방어_226","한국사","방어","탕평책 조율","일반","1","","5","","MP 1 소모, 받는 데미지 5만큼 감소(1회).","붕당 간 대립을 완화하려 한 영·정조의 정책."
"한국사_방어_227","한국사","방어","집현전 연구","희귀","4","","8","","MP 4 소모, 받는 데미지 8만큼 감소(1회).","세종이 학문 연구를 위해 설치한 왕립 학술 기관."
"한국사_방어_228","한국사","방어","사고 보관","일반","1","","3","","MP 1 소모, 받는 데미지 3만큼 감소(1회).","조선왕조실록 등 중요 기록을 보관하던 서고."
"한국사_방어_229","한국사","방어","향약 결속","일반","2","","4","","MP 2 소모, 받는 데미지 4만큼 감소(1회).","조선시대 마을 단위의 자치 규약."
"한국사_방어_230","한국사","방어","서원 교육","일반","1","","5","","MP 1 소모, 받는 데미지 5만큼 감소(1회).","조선시대 유생들이 학문을 닦던 사설 교육기관."
"한국사_유틸_231","한국사","유틸","사료 해석","일반","2","","","2","MP 2 소모, 진영 특성에 맞는 특수 효과(보정치 2) 1회 적용.","옛 문헌이나 기록을 통해 역사적 사실을 파악하는 것."
"한국사_유틸_232","한국사","유틸","유물 감정","희귀","3","","","3","MP 3 소모, 진영 특성에 맞는 특수 효과(보정치 3) 1회 적용.","출토된 유물의 시대와 용도를 판별하는 것."
"한국사_유틸_233","한국사","유틸","연표 작성","일반","2","","","2","MP 2 소모, 진영 특성에 맞는 특수 효과(보정치 2) 1회 적용.","역사적 사건을 시간 순서로 정리하는 것."
"한국사_유틸_234","한국사","유틸","역사지도 판독","전설","5","","","5","MP 5 소모, 진영 특성에 맞는 특수 효과(보정치 5) 1회 적용.","옛 지도를 통해 영토와 지리 변화를 파악하는 것."
"한국사_유틸_235","한국사","유틸","계보 파악","희귀","4","","","4","MP 4 소모, 진영 특성에 맞는 특수 효과(보정치 4) 1회 적용.","왕이나 인물 간의 혈연·계승 관계를 정리하는 것."
"한국사_유틸_236","한국사","유틸","시대구분 정리","일반","1","","","1","MP 1 소모, 진영 특성에 맞는 특수 효과(보정치 1) 1회 적용.","역사를 고대·중세·근대 등으로 나누는 기준을 파악하는 것."
"한국사_유틸_237","한국사","유틸","인물관계 분석","희귀","4","","","4","MP 4 소모, 진영 특성에 맞는 특수 효과(보정치 4) 1회 적용.","역사적 인물 간의 관계를 파악하는 것."
"한국사_유틸_238","한국사","유틸","사건인과 분석","일반","1","","","1","MP 1 소모, 진영 특성에 맞는 특수 효과(보정치 1) 1회 적용.","역사적 사건의 원인과 결과를 연결해 분석하는 것."
"한국사_유틸_239","한국사","유틸","유적 답사","일반","2","","","2","MP 2 소모, 진영 특성에 맞는 특수 효과(보정치 2) 1회 적용.","역사적 장소를 직접 방문해 조사하는 활동."
"한국사_유틸_240","한국사","유틸","고문서 해독","일반","1","","","1","MP 1 소모, 진영 특성에 맞는 특수 효과(보정치 1) 1회 적용.","옛 한자·한글 문서를 읽고 뜻을 파악하는 것."
"공용_유틸_241","공용","유틸","엎어치기","일반","2","","","2","MP 2 소모, 진영 특성에 맞는 특수 효과(보정치 2) 1회 적용.","[체육] 유도에서 상대를 등 뒤로 넘겨 매치는 기술."
"공용_유틸_242","공용","유틸","배면치기","희귀","3","","","3","MP 3 소모, 진영 특성에 맞는 특수 효과(보정치 3) 1회 적용.","[체육] 몸을 돌려 등 쪽으로 상대를 넘기는 기술."
"공용_유틸_243","공용","유틸","페인트모션","일반","2","","","2","MP 2 소모, 진영 특성에 맞는 특수 효과(보정치 2) 1회 적용.","[체육] 상대를 속이기 위한 가짜 동작."
"공용_유틸_244","공용","유틸","스퍼트","전설","5","","","5","MP 5 소모, 진영 특성에 맞는 특수 효과(보정치 5) 1회 적용.","[체육] 순간적으로 속도를 크게 높이는 동작."
"공용_유틸_245","공용","유틸","지구력훈련","희귀","4","","","4","MP 4 소모, 진영 특성에 맞는 특수 효과(보정치 4) 1회 적용.","[체육] 오랜 시간 운동을 지속할 수 있는 능력을 기르는 훈련."
"공용_유틸_246","공용","유틸","순발력강화","일반","1","","","1","MP 1 소모, 진영 특성에 맞는 특수 효과(보정치 1) 1회 적용.","[체육] 짧은 시간에 최대 힘을 내는 능력을 기르는 훈련."
"공용_유틸_247","공용","유틸","팀워크플레이","희귀","4","","","4","MP 4 소모, 진영 특성에 맞는 특수 효과(보정치 4) 1회 적용.","[체육] 팀원과 협력해 목표를 달성하는 전술."
"공용_유틸_248","공용","유틸","심폐지구력","일반","1","","","1","MP 1 소모, 진영 특성에 맞는 특수 효과(보정치 1) 1회 적용.","[체육] 심장과 폐가 오래 운동을 지속하게 하는 능력."
"공용_유틸_249","공용","유틸","유연성훈련","일반","2","","","2","MP 2 소모, 진영 특성에 맞는 특수 효과(보정치 2) 1회 적용.","[체육] 관절과 근육의 가동 범위를 넓히는 훈련."
"공용_유틸_250","공용","유틸","근력강화","일반","1","","","1","MP 1 소모, 진영 특성에 맞는 특수 효과(보정치 1) 1회 적용.","[체육] 근육이 낼 수 있는 힘을 키우는 훈련."
"공용_유틸_251","공용","유틸","자기소개서작성","일반","2","","","2","MP 2 소모, 진영 특성에 맞는 특수 효과(보정치 2) 1회 적용.","[진로] 자신의 강점과 경험을 정리해 알리는 글쓰기."
"공용_유틸_252","공용","유틸","포트폴리오정리","희귀","3","","","3","MP 3 소모, 진영 특성에 맞는 특수 효과(보정치 3) 1회 적용.","[진로] 자신의 활동과 결과물을 체계적으로 모은 자료."
"공용_유틸_253","공용","유틸","인턴십경험","일반","2","","","2","MP 2 소모, 진영 특성에 맞는 특수 효과(보정치 2) 1회 적용.","[진로] 실제 현장에서 미리 일을 경험해보는 활동."
"공용_유틸_254","공용","유틸","네트워킹","전설","5","","","5","MP 5 소모, 진영 특성에 맞는 특수 효과(보정치 5) 1회 적용.","[진로] 진로에 도움이 될 인적 관계를 넓히는 활동."
"공용_유틸_255","공용","유틸","목표설정","희귀","4","","","4","MP 4 소모, 진영 특성에 맞는 특수 효과(보정치 4) 1회 적용.","[진로] 이루고자 하는 바를 구체적으로 정하는 것."
"공용_유틸_256","공용","유틸","시간관리","일반","1","","","1","MP 1 소모, 진영 특성에 맞는 특수 효과(보정치 1) 1회 적용.","[진로] 한정된 시간을 효율적으로 배분해 쓰는 능력."
"공용_유틸_257","공용","유틸","강점분석","희귀","4","","","4","MP 4 소모, 진영 특성에 맞는 특수 효과(보정치 4) 1회 적용.","[진로] 자신이 잘하는 것을 파악하는 것."
"공용_유틸_258","공용","유틸","롤모델탐색","일반","1","","","1","MP 1 소모, 진영 특성에 맞는 특수 효과(보정치 1) 1회 적용.","[진로] 본받고 싶은 인물을 찾아 진로에 참고하는 것."
"공용_유틸_259","공용","유틸","자격증취득","일반","2","","","2","MP 2 소모, 진영 특성에 맞는 특수 효과(보정치 2) 1회 적용.","[진로] 특정 분야의 능력을 공식적으로 인정받는 것."
"공용_유틸_260","공용","유틸","진로상담","일반","1","","","1","MP 1 소모, 진영 특성에 맞는 특수 효과(보정치 1) 1회 적용.","[진로] 전문가와의 대화를 통해 진로를 설계하는 것."